                  epoch,         train/box_loss,         train/cls_loss,         train/dfl_loss,   metrics/precision(B),      metrics/recall(B),       metrics/mAP50(B),    metrics/mAP50-95(B),           val/box_loss,           val/cls_loss,           val/dfl_loss,                 lr/pg0,                 lr/pg1,                 lr/pg2
                      1,                 1.4917,                 5.9378,                 1.4479,                      0,                      0,                      0,                      0,                 1.3582,                 4.9594,                 1.4316,              1.725e-05,              1.725e-05,              1.725e-05
                      2,                 1.4297,                  5.716,                 1.4136,                      0,                      0,                      0,                      0,                 1.1973,                 4.7902,                 1.3153,             3.7762e-05,             3.7762e-05,             3.7762e-05
                      3,                 1.2564,                 5.4704,                 1.2915,                      0,                      0,                      0,                      0,                 1.0606,                 4.6124,                  1.185,             5.8069e-05,             5.8069e-05,             5.8069e-05
                      4,                  1.186,                 5.0079,                 1.2017,                0.03462,                0.11765,                0.09074,                0.06951,                  1.006,                  4.379,                 1.1289,             7.8172e-05,             7.8172e-05,             7.8172e-05
                      5,                 1.0969,                 4.6473,                 1.1492,                0.03249,                0.18487,                0.12673,                0.09547,                0.99449,                 4.1456,                 1.1167,             9.8069e-05,             9.8069e-05,             9.8069e-05
                      6,                 1.0763,                 4.2436,                 1.1665,                0.09989,                0.36415,                0.28898,                0.20455,                0.98136,                 4.1009,                 1.1176,             0.00011776,             0.00011776,             0.00011776
                      7,                 1.0723,                 3.9902,                 1.1407,                0.06877,                0.40336,                0.29765,                0.23074,                0.98938,                 3.9849,                 1.1175,             0.00013725,             0.00013725,             0.00013725
                      8,                 1.1011,                 3.8031,                 1.1345,                0.14045,                0.42101,                0.34519,                0.24886,                 1.0446,                   3.98,                 1.1003,             0.00015653,             0.00015653,             0.00015653
                      9,                 1.0538,                 3.3884,                 1.1027,                0.26643,                0.49468,                0.45655,                0.32744,                 1.0307,                 3.9016,                 1.0934,             0.00017561,             0.00017561,             0.00017561
                     10,                 1.0316,                 3.2736,                 1.1127,                0.22278,                0.64706,                0.61157,                0.42083,                 1.0099,                 3.7996,                 1.0628,             0.00019448,             0.00019448,             0.00019448
                     11,                 1.0708,                 3.1466,                 1.1024,                0.18025,                0.65546,                0.59195,                0.43466,                 0.9588,                 3.6344,                 1.0283,             0.00021315,             0.00021315,             0.00021315
                     12,                0.96068,                 2.9476,                 1.0463,                0.13629,                0.70588,                0.63858,                0.48146,                0.93437,                 3.4515,                 1.0236,             0.00023161,             0.00023161,             0.00023161
                     13,                 1.0039,                 2.8956,                 1.0627,                0.12822,                0.85714,                0.72365,                0.52638,                0.93945,                  3.235,                 1.0274,             0.00024987,             0.00024987,             0.00024987
                     14,                 1.0013,                 2.6304,                 1.0722,                0.90874,                0.40497,                0.88187,                0.65894,                0.90401,                 2.8804,                 1.0185,             0.00026792,             0.00026792,             0.00026792
                     15,                 0.9965,                  2.602,                 1.0777,                0.94413,                0.38747,                0.90974,                0.65885,                0.95859,                 2.5385,                 1.0305,             0.00028577,             0.00028577,             0.00028577
                     16,                0.98045,                 2.6439,                 1.0621,                0.90442,                0.50967,                0.88865,                0.67935,                 0.8784,                 2.3519,                 1.0026,             0.00030341,             0.00030341,             0.00030341
                     17,                0.95336,                 2.5044,                 1.0551,                0.87998,                0.62804,                0.91397,                0.63828,                0.98673,                 2.0048,                 1.0395,             0.00031768,             0.00031768,             0.00031768
                     18,                0.98986,                 2.3829,                 1.0485,                0.81647,                0.74646,                0.91294,                0.64381,                0.99945,                 1.7699,                 1.0583,             0.00031768,             0.00031768,             0.00031768
                     19,                0.95941,                 2.4725,                 1.0423,                0.83548,                0.78972,                0.94903,                0.69488,                0.91857,                 1.6855,                 1.0229,             0.00031597,             0.00031597,             0.00031597
                     20,                0.97502,                 2.3507,                 1.0538,                0.82004,                0.79315,                0.95088,                0.70418,                0.92036,                 1.3946,                 1.0419,             0.00031426,             0.00031426,             0.00031426
                     21,                0.91295,                 2.2934,                 1.0428,                0.73816,                0.88235,                0.95532,                0.71123,                0.90151,                 1.2929,                 1.0279,             0.00031255,             0.00031255,             0.00031255
                     22,                0.91696,                  2.196,                 1.0475,                0.81108,                0.79622,                0.98034,                0.71557,                 0.8921,                  1.191,                 1.0214,             0.00031084,             0.00031084,             0.00031084
                     23,                0.94763,                 2.1613,                 1.0598,                0.82206,                0.81805,                0.99397,                0.74338,                0.89455,                 1.0568,                 1.0242,             0.00030914,             0.00030914,             0.00030914
                     24,                0.92759,                  2.108,                 1.0595,                0.87618,                0.79737,                  0.995,                0.72424,                0.91364,                0.97606,                 1.0631,             0.00030743,             0.00030743,             0.00030743
                     25,                0.87831,                 1.9852,                 1.0077,                0.77444,                0.84314,                 0.9742,                0.70673,                0.90742,                0.98221,                 1.0813,             0.00030572,             0.00030572,             0.00030572
                     26,                0.90175,                 2.0061,                  1.048,                0.72778,                0.90196,                0.96938,                0.72025,                0.90247,                0.95239,                 1.0581,             0.00030401,             0.00030401,             0.00030401
                     27,                0.89787,                 1.9588,                 1.0219,                  0.722,                 0.8423,                0.94206,                0.68032,                0.91553,                0.95759,                 1.0533,             0.00030231,             0.00030231,             0.00030231
                     28,                0.94375,                 1.8664,                 1.0315,                0.73007,                0.99153,                0.99015,                0.74958,                0.86759,                0.87705,                 1.0269,              0.0003006,              0.0003006,              0.0003006
                     29,                0.89838,                  1.934,                 1.0345,                0.75618,                0.91158,                0.98391,                0.74815,                0.83881,                0.93813,                 1.0162,             0.00029889,             0.00029889,             0.00029889
                     30,                 0.9093,                  1.948,                 1.0399,                0.89643,                0.83935,                  0.995,                0.74381,                0.84198,                0.87926,                 1.0216,             0.00029718,             0.00029718,             0.00029718
                     31,                0.87249,                 1.8605,                 1.0187,                0.76635,                0.94118,                  0.995,                0.73138,                0.85801,                0.87785,                 1.0151,             0.00029548,             0.00029548,             0.00029548
                     32,                0.90604,                 1.8048,                 1.0209,                0.84936,                0.93754,                0.99015,                0.76218,                0.82514,                0.83147,                 1.0114,             0.00029377,             0.00029377,             0.00029377
                     33,                0.88626,                 1.7923,                  1.023,                0.79525,                0.88235,                0.96088,                  0.735,                0.77308,                0.86823,                0.97525,             0.00029206,             0.00029206,             0.00029206
                     34,                0.82697,                 1.7535,                 1.0038,                0.86696,                0.87789,                0.96574,                0.73675,                0.80222,                0.83335,                0.98147,             0.00029035,             0.00029035,             0.00029035
                     35,                0.81205,                 1.8038,                 1.0022,                0.82861,                0.94118,                  0.995,                0.74575,                 0.8275,                0.78228,                 0.9925,             0.00028864,             0.00028864,             0.00028864
                     36,                 0.8422,                 1.6603,                 0.9999,                0.84084,                0.94118,                  0.995,                0.77901,                0.81401,                 0.7599,                0.96367,             0.00028694,             0.00028694,             0.00028694
                     37,                0.83414,                 1.6658,                0.99121,                0.81793,                0.92074,                  0.995,                0.76889,                0.79161,                0.71348,                0.98106,             0.00028523,             0.00028523,             0.00028523
                     38,                0.87417,                 1.7356,                 1.0181,                0.80667,                0.94118,                  0.995,                0.77227,                0.78966,                0.76818,                0.99211,             0.00028352,             0.00028352,             0.00028352
                     39,                0.84277,                 1.6502,                  1.002,                0.83368,                      1,                  0.995,                0.76677,                0.81506,                0.68388,                 1.0034,             0.00028181,             0.00028181,             0.00028181
                     40,                0.83728,                 1.5734,                 0.9911,                0.75086,                0.98945,                  0.995,                0.77952,                0.77268,                0.67193,                0.97293,             0.00028011,             0.00028011,             0.00028011
                     41,                0.84119,                 1.5906,                0.99749,                0.80432,                0.92953,                  0.995,                0.74079,                  0.848,                0.68962,                0.99505,              0.0002784,              0.0002784,              0.0002784
                     42,                0.87521,                 1.6236,                 1.0232,                0.79824,                0.99587,                  0.995,                0.77099,                 0.7866,                0.68571,                 1.0026,             0.00027669,             0.00027669,             0.00027669
                     43,                0.83798,                 1.6055,                0.98952,                 0.8629,                0.99045,                  0.995,                0.75079,                0.80725,                0.63786,                 1.0064,             0.00027498,             0.00027498,             0.00027498
                     44,                0.83666,                 1.5664,                  1.004,                0.90877,                0.96734,                0.98724,                0.76384,                0.76974,                0.62274,                0.97964,             0.00027327,             0.00027327,             0.00027327
                     45,                0.79742,                 1.4262,                 0.9817,                0.90121,                0.98039,                0.98724,                0.76686,                0.75674,                 0.6059,                0.98238,             0.00027157,             0.00027157,             0.00027157
                     46,                0.82232,                 1.4993,                0.99834,                0.89689,                0.98594,                  0.995,                0.77251,                0.75832,                 0.6388,                0.99156,             0.00026986,             0.00026986,             0.00026986
                     47,                0.77684,                 1.5209,                0.99238,                0.89283,                0.92157,                0.98287,                0.77857,                0.73076,                0.63617,                0.95788,             0.00026815,             0.00026815,             0.00026815
                     48,                0.79494,                 1.4358,                 1.0004,                0.82296,                0.98039,                0.98724,                 0.7811,                0.77887,                0.59441,                0.97441,             0.00026644,             0.00026644,             0.00026644
                     49,                0.80401,                  1.464,                0.98567,                0.86411,                0.99911,                  0.995,                0.77827,                0.73289,                0.56525,                0.95841,             0.00026474,             0.00026474,             0.00026474
                     50,                0.78456,                 1.3704,                0.96939,                 0.8468,                      1,                  0.995,                0.77666,                0.77035,                0.58099,                0.97293,             0.00026303,             0.00026303,             0.00026303
                     51,                0.84203,                  1.496,                 1.0069,                0.82171,                0.97422,                0.98724,                0.75988,                0.81405,                0.63292,                0.99457,             0.00026132,             0.00026132,             0.00026132
                     52,                0.81317,                 1.4165,                0.96543,                0.87305,                0.96298,                0.99015,                0.76718,                0.78848,                0.61113,                0.98268,             0.00025961,             0.00025961,             0.00025961
                     53,                0.75751,                 1.3513,                0.99509,                0.86861,                0.98039,                0.99015,                 0.7594,                0.77484,                0.58589,                0.99451,              0.0002579,              0.0002579,              0.0002579
                     54,                0.78513,                 1.3228,                  1.003,                0.84073,                0.99396,                  0.995,                0.75453,                0.76433,                0.53222,                0.97755,              0.0002562,              0.0002562,              0.0002562
                     55,                0.77378,                 1.3068,                0.95666,                0.91965,                0.87272,                  0.995,                0.74087,                0.74093,                0.52878,                0.97073,             0.00025449,             0.00025449,             0.00025449
                     56,                0.77603,                 1.3148,                0.97405,                0.80436,                      1,                  0.995,                0.75491,                0.76956,                0.53464,                0.97169,             0.00025278,             0.00025278,             0.00025278
                     57,                0.77512,                 1.2767,                0.97079,                0.88748,                0.96663,                  0.995,                0.77683,                0.76828,                0.55452,                0.98653,             0.00025107,             0.00025107,             0.00025107
                     58,                0.77463,                 1.2287,                0.97131,                0.89976,                0.96388,                0.99294,                0.78752,                0.74581,                0.55445,                0.98075,             0.00024937,             0.00024937,             0.00024937
                     59,                0.76774,                 1.3746,                0.98113,                0.85552,                      1,                  0.995,                0.77391,                0.75242,                0.52455,                0.97009,             0.00024766,             0.00024766,             0.00024766
                     60,                0.81869,                 1.3167,                0.99279,                0.86996,                0.94118,                  0.995,                0.78103,                0.74773,                0.49995,                0.96398,             0.00024595,             0.00024595,             0.00024595
                     61,                0.77036,                 1.2347,                 0.9705,                0.84674,                0.99906,                  0.995,                0.77802,                0.71971,                0.50252,                  0.963,             0.00024424,             0.00024424,             0.00024424
                     62,                    0.8,                 1.2528,                0.97343,                0.89595,                0.97918,                  0.995,                0.77434,                0.74326,                0.51074,                0.98591,             0.00024253,             0.00024253,             0.00024253
                     63,                0.80001,                 1.1941,                0.98023,                0.91662,                0.97581,                  0.995,                0.78739,                0.70563,                0.52331,                0.95589,             0.00024083,             0.00024083,             0.00024083
                     64,                0.73315,                 1.1725,                0.96582,                0.85525,                      1,                  0.995,                  0.768,                0.77529,                0.51793,                0.97318,             0.00023912,             0.00023912,             0.00023912
                     65,                0.79705,                  1.219,                0.97352,                0.86814,                0.98026,                  0.995,                0.78823,                0.74608,                0.54671,                0.96511,             0.00023741,             0.00023741,             0.00023741
                     66,                0.78213,                 1.1904,                0.96244,                0.94069,                 0.9792,                  0.995,                0.79303,                0.73077,                0.50595,                 0.9553,              0.0002357,              0.0002357,              0.0002357
                     67,                0.75846,                 1.2517,                0.97919,                0.88679,                0.98039,                  0.995,                0.79166,                0.69948,                0.53789,                0.95001,               0.000234,               0.000234,               0.000234
                     68,                0.76817,                 1.2396,                0.98278,                0.91301,                0.96681,                  0.995,                0.79392,                0.72657,                0.53435,                0.94055,             0.00023229,             0.00023229,             0.00023229
                     69,                0.74054,                 1.1281,                 0.9578,                0.86613,                0.98401,                  0.995,                0.77696,                0.74343,                0.51022,                0.95061,             0.00023058,             0.00023058,             0.00023058
                     70,                0.76791,                  1.123,                0.96103,                0.86346,                0.99543,                  0.995,                0.78175,                0.70591,                0.46859,                0.94164,             0.00022887,             0.00022887,             0.00022887
                     71,                0.74973,                 1.1639,                0.96568,                0.91718,                0.98535,                  0.995,                0.77895,                0.72779,                0.48165,                0.94687,             0.00022717,             0.00022717,             0.00022717
                     72,                0.78962,                 1.1843,                0.98824,                0.93628,                0.98648,                  0.995,                0.77994,                0.74309,                0.46725,                0.94628,             0.00022546,             0.00022546,             0.00022546
                     73,                0.71754,                 1.1282,                0.95535,                0.96156,                0.98521,                  0.995,                0.80972,                0.70043,                 0.4524,                0.92877,             0.00022375,             0.00022375,             0.00022375
                     74,                0.76096,                 1.0855,                0.96433,                0.94022,                 0.9867,                  0.995,                0.80537,                0.68912,                0.43496,                0.92892,             0.00022204,             0.00022204,             0.00022204
                     75,                0.72454,                 1.0945,                0.96982,                 0.9225,                0.99722,                  0.995,                0.81085,                0.70326,                0.45601,                0.92052,             0.00022033,             0.00022033,             0.00022033
                     76,                0.72113,                 1.1615,                0.95556,                0.91909,                0.97691,                  0.995,                0.81257,                0.67179,                0.45402,                0.91412,             0.00021863,             0.00021863,             0.00021863
                     77,                0.75671,                 1.1006,                0.95902,                0.92443,                0.98901,                  0.995,                0.80444,                0.66736,                0.44144,                0.92641,             0.00021692,             0.00021692,             0.00021692
                     78,                0.70787,                 1.0686,                0.92864,                0.88876,                 0.9957,                  0.995,                0.80749,                0.68088,                0.44829,                0.94499,             0.00021521,             0.00021521,             0.00021521
                     79,                0.71086,                 1.0374,                0.94169,                0.88188,                0.99478,                  0.995,                0.79465,                0.66906,                0.43921,                 0.9559,              0.0002135,              0.0002135,              0.0002135
                     80,                0.70357,                 1.0745,                0.93252,                0.93739,                0.97882,                  0.995,                 0.8083,                0.65489,                0.45763,                0.95151,              0.0002118,              0.0002118,              0.0002118
                     81,                 0.7126,                 1.0548,                0.96132,                0.94907,                 0.9755,                  0.995,                0.80455,                0.64739,                0.45462,                0.93953,             0.00021009,             0.00021009,             0.00021009
                     82,                0.69775,                 1.0511,                0.94489,                0.95841,                0.98848,                  0.995,                0.80525,                0.65843,                0.45326,                0.93967,             0.00020838,             0.00020838,             0.00020838
                     83,                0.68355,                  1.022,                0.92237,                0.95337,                0.99671,                  0.995,                0.78987,                0.65091,                0.45938,                0.93073,             0.00020667,             0.00020667,             0.00020667
                     84,                0.70982,                  1.047,                0.94624,                0.93741,                0.97785,                  0.995,                0.81679,                0.63594,                0.43569,                0.91393,             0.00020496,             0.00020496,             0.00020496
                     85,                0.71948,                 1.0334,                0.95219,                0.91218,                0.99764,                  0.995,                0.81174,                0.64075,                0.41416,                0.91241,             0.00020326,             0.00020326,             0.00020326
                     86,                0.70941,                 1.0179,                0.94517,                  0.914,                0.99034,                  0.995,                0.80882,                0.66451,                0.42815,                0.90522,             0.00020155,             0.00020155,             0.00020155
                     87,                0.72242,                 1.0151,                0.96412,                0.82862,                      1,                  0.995,                0.81039,                  0.696,                0.43836,                0.91862,             0.00019984,             0.00019984,             0.00019984
                     88,                0.67233,                0.96928,                 0.9377,                0.80038,                      1,                  0.995,                0.83604,                0.67897,                0.45963,                0.90952,             0.00019813,             0.00019813,             0.00019813
                     89,                 0.6947,                0.92655,                  0.927,                0.86401,                0.99672,                  0.995,                0.83957,                0.62016,                0.43568,                0.88652,             0.00019643,             0.00019643,             0.00019643
                     90,                0.69103,                0.98286,                0.95789,                0.90526,                0.99143,                  0.995,                 0.8197,                0.64173,                0.41481,                0.89427,             0.00019472,             0.00019472,             0.00019472
                     91,                0.69958,                0.98062,                0.95777,                0.92903,                 0.9903,                  0.995,                 0.8056,                0.63365,                0.41018,                0.89684,             0.00019301,             0.00019301,             0.00019301
                     92,                0.72009,                 0.9843,                0.95083,                 0.9415,                0.97824,                  0.995,                0.80891,                0.59947,                0.41285,                0.89365,              0.0001913,              0.0001913,              0.0001913
                     93,                0.66805,                0.96114,                0.93126,                0.91788,                0.97695,                  0.995,                0.80987,                0.61663,                 0.4025,                0.90241,             0.00018959,             0.00018959,             0.00018959
                     94,                0.69659,                0.93606,                0.94007,                0.94056,                0.98153,                  0.995,                0.80555,                0.62902,                0.41699,                0.90222,             0.00018789,             0.00018789,             0.00018789
                     95,                 0.6715,                 1.0126,                 0.9629,                0.94373,                0.98666,                  0.995,                0.82547,                0.59429,                0.41519,                0.88897,             0.00018618,             0.00018618,             0.00018618
                     96,                0.64153,                0.94388,                 0.9517,                0.94988,                0.98481,                  0.995,                0.82002,                0.58795,                0.41311,                0.88278,             0.00018447,             0.00018447,             0.00018447
                     97,                0.63108,                0.93182,                0.92278,                0.87804,                0.99951,                  0.995,                0.81321,                0.58708,                 0.4074,                0.89115,             0.00018276,             0.00018276,             0.00018276
                     98,                 0.6761,                0.91013,                0.93316,                0.84026,                      1,                  0.995,                0.83414,                0.57101,                0.41239,                0.89718,             0.00018106,             0.00018106,             0.00018106
                     99,                0.67843,                0.89051,                0.92843,                0.82125,                 0.9977,                  0.995,                0.84256,                0.57517,                0.42007,                0.90292,             0.00017935,             0.00017935,             0.00017935
                    100,                0.66036,                0.89593,                 0.9292,                0.83689,                0.99806,                  0.995,                  0.821,                0.58675,                 0.4153,                0.90343,             0.00017764,             0.00017764,             0.00017764
                    101,                0.63135,                0.90581,                0.92187,                0.87645,                      1,                  0.995,                 0.8197,                0.60004,                0.41516,                  0.904,             0.00017593,             0.00017593,             0.00017593
                    102,                0.67567,                0.91512,                0.92702,                0.91073,                0.99496,                  0.995,                0.81094,                0.62515,                0.41802,                0.90764,             0.00017422,             0.00017422,             0.00017422
                    103,                0.67911,                0.93379,                0.94179,                0.94525,                0.98208,                  0.995,                0.83829,                0.58826,                0.40903,                0.88881,             0.00017252,             0.00017252,             0.00017252
                    104,                0.68916,                0.95072,                0.94671,                0.93455,                0.97785,                  0.995,                0.83718,                0.59155,                0.40855,                0.88746,             0.00017081,             0.00017081,             0.00017081
                    105,                0.66281,                 0.9007,                0.92253,                0.95159,                0.97966,                  0.995,                0.84142,                 0.6016,                0.40065,                0.89838,              0.0001691,              0.0001691,              0.0001691
                    106,                0.69182,                0.92321,                0.92762,                0.92607,                0.98978,                  0.995,                0.84627,                 0.5683,                0.39226,                0.88841,             0.00016739,             0.00016739,             0.00016739
                    107,                0.62483,                0.86582,                0.91505,                0.94386,                0.98932,                  0.995,                0.84135,                0.59873,                0.39508,                0.90361,             0.00016569,             0.00016569,             0.00016569
                    108,                 0.6778,                0.84436,                0.92519,                 0.9526,                0.98873,                  0.995,                0.82153,                0.63208,                0.39203,                0.90086,             0.00016398,             0.00016398,             0.00016398
                    109,                0.65463,                0.87758,                0.93182,                0.92866,                0.99122,                  0.995,                0.83123,                0.61988,                0.40116,                0.90854,             0.00016227,             0.00016227,             0.00016227
                    110,                0.69115,                0.86481,                0.92703,                0.87098,                0.99632,                  0.995,                0.83447,                0.59544,                0.39927,                0.89485,             0.00016056,             0.00016056,             0.00016056
                    111,                0.64013,                0.85417,                0.92088,                0.88726,                0.99348,                  0.995,                0.83868,                0.59224,                 0.3959,                 0.8934,             0.00015886,             0.00015886,             0.00015886
                    112,                0.66173,                0.88133,                0.94353,                0.95136,                0.97874,                  0.995,                0.84708,                0.55744,                0.39772,                0.88712,             0.00015715,             0.00015715,             0.00015715
                    113,                0.65638,                0.83027,                0.92664,                0.94031,                0.97495,                  0.995,                0.85044,                0.54491,                0.39735,                0.88024,             0.00015544,             0.00015544,             0.00015544
                    114,                 0.6495,                0.86458,                0.93393,                0.89573,                0.98997,                  0.995,                0.84607,                0.53696,                0.38679,                0.87181,             0.00015373,             0.00015373,             0.00015373
                    115,                0.62057,                0.80006,                0.91496,                 0.9098,                0.98854,                  0.995,                0.84438,                0.55434,                0.37438,                0.87286,             0.00015202,             0.00015202,             0.00015202
                    116,                0.66488,                0.83609,                0.91546,                 0.8745,                0.99857,                  0.995,                 0.8383,                  0.567,                0.37155,                0.87695,             0.00015032,             0.00015032,             0.00015032
                    117,                 0.6364,                0.80721,                0.92107,                0.94828,                0.93772,                  0.995,                0.84148,                0.54749,                0.36777,                 0.8768,             0.00014861,             0.00014861,             0.00014861
                    118,                0.64071,                0.84895,                0.94435,                0.86385,                      1,                  0.995,                0.85144,                0.52528,                0.37684,                0.87513,              0.0001469,              0.0001469,              0.0001469
                    119,                0.62483,                0.82018,                0.93038,                0.93118,                0.98372,                  0.995,                0.85049,                0.52397,                0.38362,                0.86758,             0.00014519,             0.00014519,             0.00014519
                    120,                0.61783,                0.81257,                0.91507,                0.90447,                0.98708,                  0.995,                 0.8255,                0.56411,                0.39042,                 0.8832,             0.00014349,             0.00014349,             0.00014349
                    121,                0.63682,                0.84826,                0.93322,                0.84172,                0.99827,                  0.995,                0.82339,                0.55613,                0.39314,                0.87867,             0.00014178,             0.00014178,             0.00014178
                    122,                0.60469,                0.82595,                0.92181,                0.87127,                      1,                  0.995,                0.82572,                0.56037,                0.39904,                0.87821,             0.00014007,             0.00014007,             0.00014007
                    123,                0.61881,                0.82305,                0.91663,                0.87716,                      1,                  0.995,                0.84857,                 0.5426,                0.38338,                0.87373,             0.00013836,             0.00013836,             0.00013836
                    124,                0.61449,                0.80115,                0.89681,                0.89305,                      1,                  0.995,                0.84374,                0.55143,                0.38585,                0.87612,             0.00013665,             0.00013665,             0.00013665
                    125,                0.62419,                 0.7991,                0.92944,                0.89468,                      1,                  0.995,                0.83606,                0.55027,                0.39687,                0.89136,             0.00013495,             0.00013495,             0.00013495
                    126,                0.61633,                 0.8047,                0.93351,                 0.8897,                      1,                  0.995,                0.85779,                0.52815,                0.38707,                0.89122,             0.00013324,             0.00013324,             0.00013324
                    127,                0.60837,                0.77371,                0.91893,                 0.9209,                      1,                  0.995,                0.85577,                0.53736,                0.37434,                0.88839,             0.00013153,             0.00013153,             0.00013153
                    128,                0.58727,                0.78408,                0.92215,                0.93365,                0.99742,                  0.995,                0.86608,                0.51808,                0.37934,                0.87751,             0.00012982,             0.00012982,             0.00012982
                    129,                0.59664,                0.76154,                0.90632,                0.94184,                0.99914,                  0.995,                0.87572,                0.50066,                 0.3795,                0.87256,             0.00012812,             0.00012812,             0.00012812
                    130,                 0.5866,                0.74913,                0.90472,                  0.934,                      1,                  0.995,                0.88537,                0.49143,                0.37166,                0.86382,             0.00012641,             0.00012641,             0.00012641
                    131,                0.62661,                0.81004,                 0.9191,                 0.9585,                0.99348,                  0.995,                0.88498,                0.50109,                0.36438,                0.86038,              0.0001247,              0.0001247,              0.0001247
                    132,                0.61111,                0.76343,                0.91323,                0.95867,                0.98761,                  0.995,                0.88052,                0.48143,                0.35468,                0.85033,             0.00012299,             0.00012299,             0.00012299
                    133,                0.60795,                0.76469,                0.91463,                0.96561,                0.98461,                  0.995,                0.89308,                0.47899,                0.35072,                0.84393,             0.00012128,             0.00012128,             0.00012128
                    134,                0.58095,                0.75258,                0.88607,                0.97083,                0.97193,                  0.995,                0.89791,                0.47184,                0.34617,                0.83974,             0.00011958,             0.00011958,             0.00011958
                    135,                0.59095,                0.74905,                0.90211,                0.95549,                0.98914,                  0.995,                0.88573,                0.46079,                0.34204,                0.84044,             0.00011787,             0.00011787,             0.00011787
                    136,                0.61469,                0.76308,                0.91916,                 0.9513,                0.99209,                  0.995,                0.88647,                0.45973,                0.35138,                0.83939,             0.00011616,             0.00011616,             0.00011616
                    137,                0.54829,                   0.73,                0.88716,                0.93632,                0.99435,                  0.995,                0.88075,                 0.4691,                0.36578,                0.84182,             0.00011445,             0.00011445,             0.00011445
                    138,                0.55634,                0.71945,                0.88037,                0.94525,                0.99147,                  0.995,                0.87631,                0.48877,                 0.3616,                0.84546,             0.00011275,             0.00011275,             0.00011275
                    139,                0.54341,                 0.7533,                0.91019,                0.95318,                 0.9875,                  0.995,                0.88201,                0.47068,                0.35518,                0.83655,             0.00011104,             0.00011104,             0.00011104
                    140,                0.58484,                0.73195,                0.90412,                0.95767,                0.98733,                  0.995,                0.88087,                 0.4581,                0.34597,                0.83149,             0.00010933,             0.00010933,             0.00010933
                    141,                0.56762,                 0.7444,                0.89276,                0.90394,                      1,                  0.995,                0.88268,                0.47543,                0.34498,                 0.8335,             0.00010762,             0.00010762,             0.00010762
                    142,                0.57329,                0.71188,                 0.8949,                0.88711,                      1,                  0.995,                0.88944,                0.46218,                0.34516,                0.83292,             0.00010592,             0.00010592,             0.00010592
                    143,                0.56581,                0.73099,                0.89606,                0.92157,                      1,                  0.995,                0.89646,                0.46119,                0.35355,                0.83315,             0.00010421,             0.00010421,             0.00010421
                    144,                0.56936,                0.72634,                0.88678,                0.93575,                0.99536,                  0.995,                0.90616,                0.43882,                0.34585,                0.83039,              0.0001025,              0.0001025,              0.0001025
                    145,                0.53005,                0.73668,                0.89477,                0.92396,                0.99865,                  0.995,                0.91367,                0.45626,                0.34857,                0.83612,             0.00010079,             0.00010079,             0.00010079
                    146,                  0.589,                0.71577,                0.90419,                0.91592,                      1,                  0.995,                0.91848,                0.45774,                0.33131,                0.84349,             9.9084e-05,             9.9084e-05,             9.9084e-05
                    147,                0.55847,                0.70032,                0.89213,                0.92803,                0.99785,                  0.995,                 0.9192,                0.46706,                0.32588,                0.84484,             9.7376e-05,             9.7376e-05,             9.7376e-05
                    148,                0.56803,                0.70478,                0.89828,                0.93719,                0.99474,                  0.995,                0.91378,                0.46821,                0.32511,                0.84317,             9.5669e-05,             9.5669e-05,             9.5669e-05
                    149,                0.57735,                0.74384,                0.90572,                0.93194,                0.99455,                  0.995,                0.90509,                0.47123,                0.32578,                0.83903,             9.3961e-05,             9.3961e-05,             9.3961e-05
                    150,                0.54265,                0.71104,                0.87006,                0.92784,                0.99449,                  0.995,                0.87591,                0.49457,                0.33198,                0.84224,             9.2253e-05,             9.2253e-05,             9.2253e-05
                    151,                0.54932,                0.73585,                 0.8942,                0.89961,                0.99932,                  0.995,                 0.8823,                0.48314,                0.32536,                 0.8431,             9.0545e-05,             9.0545e-05,             9.0545e-05
                    152,                0.56424,                0.73394,                0.90054,                0.86417,                      1,                  0.995,                0.90031,                0.44667,                0.33397,                0.83247,             8.8837e-05,             8.8837e-05,             8.8837e-05
                    153,                0.55633,                0.75471,                0.90923,                0.85414,                      1,                  0.995,                0.91046,                0.43323,                0.34406,                0.82807,              8.713e-05,              8.713e-05,              8.713e-05
                    154,                0.56831,                0.72023,                 0.8881,                0.88304,                0.99573,                  0.995,                0.91177,                0.44896,                0.34234,                0.83353,             8.5422e-05,             8.5422e-05,             8.5422e-05
                    155,                0.55073,                0.71267,                0.90568,                0.91391,                0.99146,                  0.995,                0.90945,                0.43892,                 0.3271,                0.83297,             8.3714e-05,             8.3714e-05,             8.3714e-05
                    156,                0.56655,                0.69601,                0.88901,                0.91718,                0.99057,                  0.995,                 0.9098,                0.43881,                0.32795,                0.83219,             8.2006e-05,             8.2006e-05,             8.2006e-05
                    157,                0.55127,                0.70375,                 0.8755,                0.89745,                0.99136,                  0.995,                 0.9092,                0.45944,                0.33569,                0.83639,             8.0299e-05,             8.0299e-05,             8.0299e-05
                    158,                0.52409,                0.65921,                0.88588,                 0.8782,                0.99263,                  0.995,                0.90253,                0.47068,                0.33771,                0.84055,             7.8591e-05,             7.8591e-05,             7.8591e-05
                    159,                0.56449,                0.70244,                0.90073,                0.87224,                0.99464,                  0.995,                0.89923,                 0.4851,                0.33737,                0.84213,             7.6883e-05,             7.6883e-05,             7.6883e-05
                    160,                0.53405,                0.72559,                0.88964,                0.88708,                0.99605,                  0.995,                0.90573,                0.47627,                0.33001,                0.83705,             7.5175e-05,             7.5175e-05,             7.5175e-05
                    161,                0.54573,                0.68418,                0.90495,                0.91706,                0.99271,                  0.995,                0.89461,                0.46174,                0.32494,                0.83342,             7.3468e-05,             7.3468e-05,             7.3468e-05
                    162,                 0.5304,                0.68037,                0.88858,                0.93402,                0.98926,                  0.995,                0.90987,                 0.4461,                0.32303,                0.82771,              7.176e-05,              7.176e-05,              7.176e-05
                    163,                0.54345,                0.67315,                 0.9065,                0.93977,                0.98603,                  0.995,                0.90173,                0.44651,                 0.3242,                0.82423,             7.0052e-05,             7.0052e-05,             7.0052e-05
                    164,                0.52556,                0.67018,                0.86881,                0.93597,                 0.9849,                  0.995,                 0.8992,                0.44989,                0.31594,                0.82301,             6.8344e-05,             6.8344e-05,             6.8344e-05
                    165,                0.52018,                0.63827,                0.87728,                0.92803,                0.98762,                  0.995,                0.89406,                0.44787,                0.31707,                0.82332,             6.6637e-05,             6.6637e-05,             6.6637e-05
                    166,                0.53886,                0.64929,                0.88439,                0.93035,                0.98943,                  0.995,                0.89719,                0.44521,                  0.316,                0.82213,             6.4929e-05,             6.4929e-05,             6.4929e-05
                    167,                0.54109,                0.65942,                0.88178,                0.93934,                0.98931,                  0.995,                0.89848,                0.45446,                0.31985,                 0.8224,             6.3221e-05,             6.3221e-05,             6.3221e-05
                    168,                0.51665,                0.64646,                0.87612,                0.95185,                0.98499,                  0.995,                0.89745,                 0.4456,                0.31829,                 0.8214,             6.1514e-05,             6.1514e-05,             6.1514e-05
                    169,                0.52389,                0.68491,                0.88029,                0.95485,                0.97937,                  0.995,                 0.8963,                0.44868,                0.32299,                 0.8232,             5.9806e-05,             5.9806e-05,             5.9806e-05
                    170,                0.56097,                0.70451,                0.89507,                0.95931,                0.97698,                  0.995,                0.90472,                0.44981,                0.31908,                0.82193,             5.8098e-05,             5.8098e-05,             5.8098e-05
                    171,                0.53058,                0.67886,                0.88178,                0.95372,                0.98238,                  0.995,                0.90538,                0.43768,                 0.3174,                0.81767,              5.639e-05,              5.639e-05,              5.639e-05
                    172,                 0.5315,                 0.7124,                0.89991,                0.95319,                0.98465,                  0.995,                0.91147,                0.42174,                0.31399,                0.81554,             5.4683e-05,             5.4683e-05,             5.4683e-05
                    173,                0.52983,                0.70597,                0.87919,                0.94919,                0.98511,                  0.995,                0.90989,                0.42268,                0.30969,                0.81643,             5.2975e-05,             5.2975e-05,             5.2975e-05
                    174,                 0.5101,                0.65472,                0.88237,                0.94664,                0.98489,                  0.995,                0.90996,                0.42785,                0.31294,                0.81773,             5.1267e-05,             5.1267e-05,             5.1267e-05
                    175,                 0.5173,                0.66098,                0.88055,                0.94692,                0.98494,                  0.995,                0.91304,                0.41957,                0.31363,                0.81749,             4.9559e-05,             4.9559e-05,             4.9559e-05
                    176,                0.53751,                0.67875,                0.89911,                0.95184,                0.98356,                  0.995,                0.90977,                0.41607,                0.30981,                0.81624,             4.7852e-05,             4.7852e-05,             4.7852e-05
                    177,                0.51191,                0.68242,                0.88495,                0.95355,                0.98372,                  0.995,                 0.9119,                0.43203,                0.31532,                0.81658,             4.6144e-05,             4.6144e-05,             4.6144e-05
                    178,                0.53782,                0.67574,                0.88911,                0.93641,                0.98921,                  0.995,                0.91188,                0.43319,                0.31196,                 0.8174,             4.4436e-05,             4.4436e-05,             4.4436e-05
                    179,                  0.501,                 0.6717,                0.87109,                0.92341,                0.99434,                  0.995,                0.91554,                0.42211,                0.31198,                0.81717,             4.2728e-05,             4.2728e-05,             4.2728e-05
                    180,                0.54793,                0.69067,                0.90428,                0.92463,                0.99239,                  0.995,                0.92692,                0.41285,                0.30953,                0.81591,              4.102e-05,              4.102e-05,              4.102e-05
                    181,                0.52207,                0.66469,                 0.8866,                0.93442,                0.98751,                  0.995,                 0.9343,                0.40837,                0.30674,                0.81554,             3.9313e-05,             3.9313e-05,             3.9313e-05
                    182,                0.51103,                0.66695,                0.87993,                 0.9447,                0.98528,                  0.995,                0.93247,                0.41392,                0.30929,                0.81731,             3.7605e-05,             3.7605e-05,             3.7605e-05
                    183,                0.49457,                0.64455,                0.86995,                0.94868,                0.98439,                  0.995,                0.92772,                0.41933,                0.30834,                0.81769,             3.5897e-05,             3.5897e-05,             3.5897e-05
                    184,                0.48782,                0.64668,                0.86415,                0.94164,                0.98606,                  0.995,                0.92276,                0.41635,                0.30152,                0.81707,             3.4189e-05,             3.4189e-05,             3.4189e-05
                    185,                0.48828,                0.62093,                0.86741,                0.93365,                0.98857,                  0.995,                0.92588,                0.41774,                0.30191,                0.81617,             3.2482e-05,             3.2482e-05,             3.2482e-05
                    186,                0.49517,                0.64638,                0.87126,                0.92723,                0.99159,                  0.995,                0.93087,                 0.4158,                0.29919,                0.81651,             3.0774e-05,             3.0774e-05,             3.0774e-05
                    187,                0.50136,                0.59872,                 0.8855,                 0.9216,                0.99449,                  0.995,                 0.9314,                0.41025,                0.29902,                  0.817,             2.9066e-05,             2.9066e-05,             2.9066e-05
                    188,                0.51615,                0.64794,                0.87917,                0.92104,                0.99596,                  0.995,                0.92346,                 0.4073,                0.29508,                0.81659,             2.7358e-05,             2.7358e-05,             2.7358e-05
                    189,                0.50943,                 0.6433,                  0.893,                  0.922,                0.99717,                  0.995,                0.92375,                0.40322,                0.29472,                 0.8167,             2.5651e-05,             2.5651e-05,             2.5651e-05
                    190,                0.50592,                0.63586,                0.87802,                0.93035,                0.99559,                  0.995,                0.93186,                0.39788,                0.29667,                0.81387,             2.3943e-05,             2.3943e-05,             2.3943e-05
                    191,                 0.6134,                  1.017,                 0.9128,                0.94057,                0.99469,                  0.995,                 0.9314,                0.40237,                 0.3011,                0.81349,             2.2235e-05,             2.2235e-05,             2.2235e-05
                    192,                0.56373,                0.95855,                0.88773,                0.95154,                0.99206,                  0.995,                0.92672,                0.41535,                0.30632,                0.81601,             2.0528e-05,             2.0528e-05,             2.0528e-05
                    193,                0.56758,                 0.9536,                0.91674,                0.95287,                0.99124,                  0.995,                0.91944,                0.43002,                0.31142,                0.81847,              1.882e-05,              1.882e-05,              1.882e-05
                    194,                0.57477,                0.95486,                0.89754,                0.95179,                0.98936,                  0.995,                0.91053,                0.44023,                0.31608,                0.82042,             1.7112e-05,             1.7112e-05,             1.7112e-05
                    195,                0.54605,                0.93685,                 0.9069,                0.95226,                0.98755,                  0.995,                0.90815,                0.43644,                0.31738,                0.82108,             1.5404e-05,             1.5404e-05,             1.5404e-05
                    196,                0.54159,                0.93899,                0.89434,                0.95324,                 0.9864,                  0.995,                0.91788,                 0.4269,                0.31456,                0.82008,             1.3697e-05,             1.3697e-05,             1.3697e-05
                    197,                0.53294,                0.92086,                0.88596,                0.95337,                0.98578,                  0.995,                0.92714,                0.42096,                0.31521,                0.82009,             1.1989e-05,             1.1989e-05,             1.1989e-05
                    198,                0.52907,                0.92397,                 0.8912,                0.95315,                0.98551,                  0.995,                0.92741,                0.42108,                0.31315,                0.82091,             1.0281e-05,             1.0281e-05,             1.0281e-05
                    199,                0.54815,                0.93941,                0.88939,                0.95284,                 0.9856,                  0.995,                0.92965,                0.42226,                0.31341,                0.82197,             8.5733e-06,             8.5733e-06,             8.5733e-06
                    200,                0.51448,                0.91767,                0.89969,                0.95293,                0.98604,                  0.995,                0.92355,                0.42378,                0.30995,                 0.8228,             6.8655e-06,             6.8655e-06,             6.8655e-06
